{
	"server_id": "manager_1234",
	"command": "ch_add",
	"channel": {
		"id": "ch_id",
		"version": "v1",
		"category": "live",
		"input": {
			"type": "schedule",
			"socket_timeout": 3,
			"reconnect_timeout": 300,
			"streams": [
				{
					"adaptive_id": "1080p",
					"variant": true,
					"urls": [
						"file:///stg/solrtmp/file/default_1080p.mp4"
					]
				},
				{
					"adaptive_id": "720p",
					"variant": true,
					"urls": [
						"file:///stg/solrtmp/file/default_720p.mp4"
					]
				},
				{
					"adaptive_id": "480p",
					"variant": true,
					"urls": [
						"file:///stg/solrtmp/file/default_480p.mp4"
					]
				},
				{
					"adaptive_id": "360p",
					"variant": true,
					"urls": [
						"file:///stg/solrtmp/file/default_360p.mp4"
					]
				},
				{
					"adaptive_id": "270p",
					"variant": true,
					"urls": [
						"file:///stg/solrtmp/file/default_270p.mp4"
					]
				}
			]
		},
		"schedule": {
			"loop": true,
			"sync_timeout": 2,
			"range_start_by": "front",
			"auto_adaptive_mapping": "media",
			"list": [
				{
					"start_date": "20221123T13:00:00",
					"id": "schid_1_1",
					"ch_id": "cocos_program_B120214280_D33",
					"range": {
						"start": 0,
						"end": 600000
					}
				},
				{
					"id": "schid_ad_1_1",
					"ch_id": "cocos_ad_60s_20210528_2mbps",
					"range": {
						"start": 0,
						"end": 60000
					}
				},
				{
					"id": "schid_1_2",
					"ch_id": "cocos_program_B120214280_D33",
					"range": {
						"start": 600000,
						"end": 718000
					}
				},
				{
					"id": "schid_2_1",
					"ch_id": "cocos_program_B120214280_D35",
					"range": {
						"start": 0,
						"end": 600000
					}
				},
				{
					"id": "schid_ad_2_1",
					"ch_id": "cocos_ad_60s_20210528_2mbps",
					"range": {
						"start": 0,
						"end": 60000
					}
				},
				{
					"id": "schid_2_2",
					"ch_id": "cocos_program_B120214280_D35",
					"range": {
						"start": 600000,
						"end": 886000
					}
				},
				{
					"id": "schid_3_1",
					"ch_id": "cocos_program_B120214280_D36",
					"range": {
						"start": 0,
						"end": 600000
					}
				},
				{
					"id": "schid_ad_3_1",
					"ch_id": "cocos_ad_60s_20210528_2mbps",
					"range": {
						"start": 0,
						"end": 60000
					}
				},
				{
					"id": "schid_3_2",
					"ch_id": "cocos_program_B120214280_D36",
					"range": {
						"start": 600000,
						"end": 958000
					}
				},
				{
					"id": "schid_4_1",
					"ch_id": "cocos_program_B120214280_D37",
					"range": {
						"start": 0,
						"end": 600000
					}
				},
				{
					"id": "schid_ad_4_1",
					"ch_id": "cocos_ad_60s_20210528_2mbps",
					"range": {
						"start": 0,
						"end": 60000
					}
				},
				{
					"id": "schid_4_2",
					"ch_id": "cocos_program_B120214280_D37",
					"range": {
						"start": 600000,
						"end": 1131000
					}
				},
				{
					"id": "schid_5_1",
					"ch_id": "cocos_program_B120214280_D38",
					"range": {
						"start": 0,
						"end": 600000
					}
				},
				{
					"id": "schid_ad_5_1",
					"ch_id": "cocos_ad_60s_20210528_2mbps",
					"range": {
						"start": 0,
						"end": 60000
					}
				},
				{
					"id": "schid_5_2",
					"ch_id": "cocos_program_B120214280_D38",
					"range": {
						"start": 600000,
						"end": 1163000
					}
				},
				{
					"id": "schid_6_1",
					"ch_id": "cocos_program_B120214280_D39",
					"range": {
						"start": 0,
						"end": 600000
					}
				},
				{
					"id": "schid_ad_6_1",
					"ch_id": "cocos_ad_60s_20210528_2mbps",
					"range": {
						"start": 0,
						"end": 60000
					}
				},
				{
					"id": "schid_6_2",
					"ch_id": "cocos_program_B120214280_D39",
					"range": {
						"start": 600000,
						"end": 759000
					}
				},
				{
					"id": "schid_7_1",
					"ch_id": "cocos_program_B120214280_D41",
					"range": {
						"start": 0,
						"end": 600000
					}
				},
				{
					"id": "schid_ad_7_1",
					"ch_id": "cocos_ad_60s_20210528_2mbps",
					"range": {
						"start": 0,
						"end": 60000
					}
				},
				{
					"id": "schid_7_2",
					"ch_id": "cocos_program_B120214280_D41",
					"range": {
						"start": 600000,
						"end": 1049000
					}
				},
				{
					"id": "schid_8_1",
					"ch_id": "cocos_program_B120214280_D46",
					"range": {
						"start": 0,
						"end": 600000
					}
				},
				{
					"id": "schid_ad_8_1",
					"ch_id": "cocos_ad_60s_20210528_2mbps",
					"range": {
						"start": 0,
						"end": 60000
					}
				},
				{
					"id": "schid_8_2",
					"ch_id": "cocos_program_B120214280_D46",
					"range": {
						"start": 600000,
						"end": 969000
					}
				},
				{
					"id": "schid_9_1",
					"ch_id": "cocos_program_B120214280_D47",
					"range": {
						"start": 0,
						"end": 600000
					}
				},
				{
					"id": "schid_ad_9_1",
					"ch_id": "cocos_ad_60s_20210528_2mbps",
					"range": {
						"start": 0,
						"end": 60000
					}
				},
				{
					"id": "schid_9_2",
					"ch_id": "cocos_program_B120214280_D47",
					"range": {
						"start": 600000,
						"end": 1190000
					}
				},
				{
					"id": "schid_10_1",
					"ch_id": "cocos_program_B120214280_D56",
					"range": {
						"start": 0,
						"end": 600000
					}
				},
				{
					"id": "schid_ad_10_1",
					"ch_id": "cocos_ad_60s_20210528_2mbps",
					"range": {
						"start": 0,
						"end": 60000
					}
				},
				{
					"id": "schid_10_2",
					"ch_id": "cocos_program_B120214280_D56",
					"range": {
						"start": 600000,
						"end": 888000
					}
				},
				{
					"id": "schid_11_1",
					"ch_id": "cocos_program_B120214280_D67",
					"range": {
						"start": 0,
						"end": 600000
					}
				},
				{
					"id": "schid_ad_11_1",
					"ch_id": "cocos_ad_60s_20210528_2mbps",
					"range": {
						"start": 0,
						"end": 60000
					}
				},
				{
					"id": "schid_11_2",
					"ch_id": "cocos_program_B120214280_D67",
					"range": {
						"start": 600000,
						"end": 1196000
					}
				},
				{
					"id": "schid_12_1",
					"ch_id": "cocos_program_B120214280_D73",
					"range": {
						"start": 0,
						"end": 600000
					}
				},
				{
					"id": "schid_ad_12_1",
					"ch_id": "cocos_ad_60s_20210528_2mbps",
					"range": {
						"start": 0,
						"end": 60000
					}
				},
				{
					"id": "schid_12_2",
					"ch_id": "cocos_program_B120214280_D73",
					"range": {
						"start": 600000,
						"end": 1174000
					}
				},
				{
					"id": "schid_13_1",
					"ch_id": "cocos_program_B120214280_D74",
					"range": {
						"start": 0,
						"end": 600000
					}
				},
				{
					"id": "schid_ad_13_1",
					"ch_id": "cocos_ad_60s_20210528_2mbps",
					"range": {
						"start": 0,
						"end": 60000
					}
				},
				{
					"id": "schid_13_2",
					"ch_id": "cocos_program_B120214280_D74",
					"range": {
						"start": 600000,
						"end": 883000
					}
				},
				{
					"id": "schid_14_1",
					"ch_id": "cocos_program_B120214280_D76",
					"range": {
						"start": 0,
						"end": 600000
					}
				},
				{
					"id": "schid_ad_14_1",
					"ch_id": "cocos_ad_60s_20210528_2mbps",
					"range": {
						"start": 0,
						"end": 60000
					}
				},
				{
					"id": "schid_14_2",
					"ch_id": "cocos_program_B120214280_D76",
					"range": {
						"start": 600000,
						"end": 737000
					}
				},
				{
					"id": "schid_15_1",
					"ch_id": "cocos_program_B120214280_D127",
					"range": {
						"start": 0,
						"end": 600000
					}
				},
				{
					"id": "schid_ad_15_1",
					"ch_id": "cocos_ad_60s_20210528_2mbps",
					"range": {
						"start": 0,
						"end": 60000
					}
				},
				{
					"id": "schid_15_2",
					"ch_id": "cocos_program_B120214280_D127",
					"range": {
						"start": 600000,
						"end": 1113000
					}
				},
				{
					"id": "schid_16_1",
					"ch_id": "cocos_program_B120214280_D116",
					"range": {
						"start": 0,
						"end": 600000
					}
				},
				{
					"id": "schid_ad_16_1",
					"ch_id": "cocos_ad_60s_20210528_2mbps",
					"range": {
						"start": 0,
						"end": 60000
					}
				},
				{
					"id": "schid_16_2",
					"ch_id": "cocos_program_B120214280_D116",
					"range": {
						"start": 600000,
						"end": 1168000
					}
				},
				{
					"id": "schid_17_1",
					"ch_id": "cocos_program_B120214280_D117",
					"range": {
						"start": 0,
						"end": 600000
					}
				},
				{
					"id": "schid_ad_17_1",
					"ch_id": "cocos_ad_60s_20210528_2mbps",
					"range": {
						"start": 0,
						"end": 60000
					}
				},
				{
					"id": "schid_17_2",
					"ch_id": "cocos_program_B120214280_D117",
					"range": {
						"start": 600000,
						"end": 1159000
					}
				},
				{
					"id": "schid_18_1",
					"ch_id": "cocos_program_B120214280_D141",
					"range": {
						"start": 0,
						"end": 600000
					}
				},
				{
					"id": "schid_ad_18_1",
					"ch_id": "cocos_ad_60s_20210528_2mbps",
					"range": {
						"start": 0,
						"end": 60000
					}
				},
				{
					"id": "schid_18_2",
					"ch_id": "cocos_program_B120214280_D141",
					"range": {
						"start": 600000,
						"end": 902000
					}
				},
				{
					"id": "schid_19_1",
					"ch_id": "cocos_program_B120214280_D142",
					"range": {
						"start": 0,
						"end": 600000
					}
				},
				{
					"id": "schid_ad_19_1",
					"ch_id": "cocos_ad_60s_20210528_2mbps",
					"range": {
						"start": 0,
						"end": 60000
					}
				},
				{
					"id": "schid_19_2",
					"ch_id": "cocos_program_B120214280_D142",
					"range": {
						"start": 600000,
						"end": 1108000
					}
				},
				{
					"id": "schid_20_1",
					"ch_id": "cocos_program_B120214280_D143",
					"range": {
						"start": 0,
						"end": 600000
					}
				},
				{
					"id": "schid_ad_20_1",
					"ch_id": "cocos_ad_60s_20210528_2mbps",
					"range": {
						"start": 0,
						"end": 60000
					}
				},
				{
					"id": "schid_20_2",
					"ch_id": "cocos_program_B120214280_D143",
					"range": {
						"start": 600000,
						"end": 1176000
					}
				}
			]
		},
		"output": {
			"base_dir": "%r/%s",
			"clear_when_finish": true,
			"segment_opt": {
				"playlist_chunk_count": 10,
				"max_chunk_count": 30,
				"duration_time": 6,
				"align_by_src": true
			},
			"variant": {
				"memory_caching": false,
				"sort_order": "bandwidth",
				"item": {
					"codec": true,
					"bandwidth": true,
					"resolution": true,
					"framerate": true,
					"sar": false,
					"samplerate": false,
					"channel": false,
					"lang": true
				},
				"output_path": [
					{
						"o_type": "gateway_m3u8",
						"combine": "%f/playlist.m3u8"
					},
					{
						"o_type": "mpd",
						"combine": "%f/manifest.mpd"
					}
				]
			},
			"hls": {
				"ad_marker": "scte35enh",
				"discontinuity_seq": true,
				"memory_caching": false,
				"start_sequence_num": 0,
				"hls_version": 3,
				"output_path": [
					{
						"o_type": "m3u8",
						"combine": "%f/%a/chunklist.m3u8"
					},
					{
						"o_type": "gateway_m3u8",
						"combine": "%f/%a/playlist.m3u8"
					},
					{
						"o_type": "ts_segment",
						"combine": "%f/%a/segment_%n.ts"
					}
				]
			}
		}
	}
}