{
	"server_id": "manager_1234",
	"command": "ch_add",
	"channel": {
		"id": "cocos_program_B120130408_D18_1107595",
		"version": "v1",
		"input": {
			"type": "file",
			"socket_timeout": 3,
			"reconnect_timeout": 60,
			"options": {
				"retry_period": 3,
				"max_retry_count": 0
			},
			"streams": [
				{
					"adaptive_id": "1080p",
					"urls": [
						"http://Y2pjb2Nvc3N0Z0BjamVubXN0b3I6MjU1MmM1MjVhOWRkMTUzNTcwNjFiZTIzMTcyMzRlNjU=@cjcocosstg.x-cdn.com/dav/CLIP/COCOS/SST/B120130408/1107595/B120130408_1107595_g60_t35.mp4"
					]
				},
				{
					"name": "english",
					"type": "subtitle",
					"lang": "eng",
					"variant": true,
					"urls": [
						"http://Y2pjb2Nvc3N0Z0BjamVubXN0b3I6MjU1MmM1MjVhOWRkMTUzNTcwNjFiZTIzMTcyMzRlNjU=@cjcocosstg.x-cdn.com/dav/CLIP/COCOS/CAPTION/B120130408/d8912eb4-1e9e-4e4c-8786-c9324b3e729c.srt"
					]
				}
			]
		}
	}
}