{
	"server_id": "manager_1234",
	"command": "ch_add",
	"channel": {
		"id": "cocos_program_B120200051_D1_1267266",
		"version": "v1",
		"input": {
			"type": "file",
			"socket_timeout": 3,
			"reconnect_timeout": 60,
			"options": {
				"retry_period": 3,
				"max_retry_count": 0
			},
			"streams": [
				{
					"adaptive_id": "1080p",
					"urls": [
						"http://Y2pjb2Nvc3N0Z0BjamVubXN0b3I6MjU1MmM1MjVhOWRkMTUzNTcwNjFiZTIzMTcyMzRlNjU=@cjcocosstg.x-cdn.com/dav/CLIP/COCOS/SST/B120200051/1267266/B120200051_1267266_g60_t35.mp4"
					]
				},
				{
					"name": "english",
					"type": "subtitle",
					"lang": "eng",
					"variant": true,
					"urls": [
						"http://Y2pjb2Nvc3N0Z0BjamVubXN0b3I6MjU1MmM1MjVhOWRkMTUzNTcwNjFiZTIzMTcyMzRlNjU=@cjcocosstg.x-cdn.com/dav/CLIP/COCOS/SUBTITLE/B120200051/c02cecd5-a0b6-440b-a34e-287d450b6ff0.srt"
					]
				}
			]
		}
	}
}