{
	"server_id": "manager_1234",
	"command": "ch_add",
	"channel": {
		"id": "cocos_program_B120156699_D5_1022751",
		"version": "v1",
		"input": {
			"type": "file",
			"socket_timeout": 3,
			"reconnect_timeout": 60,
			"options": {
				"retry_period": 3,
				"max_retry_count": 0
			},
			"streams": [
				{
					"adaptive_id": "1080p",
					"urls": [
						"http://Y2pjb2Nvc3N0Z0BjamVubXN0b3I6MjU1MmM1MjVhOWRkMTUzNTcwNjFiZTIzMTcyMzRlNjU=@cjcocosstg.x-cdn.com/dav/CLIP/COCOS/SST/B120156699/1022751/B120156699_1022751_g60_t35.mp4"
					]
				},
				{
					"name": "english",
					"type": "subtitle",
					"lang": "eng",
					"variant": true,
					"urls": [
						"http://Y2pjb2Nvc3N0Z0BjamVubXN0b3I6MjU1MmM1MjVhOWRkMTUzNTcwNjFiZTIzMTcyMzRlNjU=@cjcocosstg.x-cdn.com/dav/CLIP/COCOS/SUBTITLE/B120156699/8ac266be-2adc-47cb-b3a2-e61fc7640de0.srt"
					]
				}
			]
		}
	}
}