{
	"server_id": "manager_1234",
	"command": "ch_add",
	"channel": {
		"id": "ch_id",
		"version": "v1",
		"category": "live",
		"input": {
			"type": "schedule",
			"socket_timeout": 3,
			"reconnect_timeout": 300,
			"streams": [
				{
					"adaptive_id": "1080p",
					"variant": true,
					"urls": [
						"file:///stg/solrtmp/file/default_1080p.mp4"
					]
				},
				{
					"adaptive_id": "720p",
					"variant": true,
					"urls": [
						"file:///stg/solrtmp/file/default_720p.mp4"
					]
				},
				{
					"adaptive_id": "480p",
					"variant": true,
					"urls": [
						"file:///stg/solrtmp/file/default_480p.mp4"
					]
				},
				{
					"adaptive_id": "360p",
					"variant": true,
					"urls": [
						"file:///stg/solrtmp/file/default_360p.mp4"
					]
				},
				{
					"adaptive_id": "240p",
					"variant": true,
					"urls": [
						"file:///stg/solrtmp/file/default_240p.mp4"
					]
				}
			]
		},
		"schedule": {
			"loop": true,
			"sync_timeout": 2,
			"range_start_by": "front",
			"auto_adaptive_mapping": "media",
			"list": [
				{
					"start_date": "20221026T14:30:07",
					"id": "schid_1_1",
					"ch_id": "cocos_program_B120180515_D53",
					"range": {
						"start": 0,
						"end": 600000
					}
				},
				{
					"id": "schid_ad_1_1",
					"ch_id": "cocos_ad_60s_20210528_2mbps",
					"range": {
						"start": 0,
						"end": 60000
					}
				},
				{
					"id": "schid_1_2",
					"ch_id": "cocos_program_B120180515_D53",
					"range": {
						"start": 600000,
						"end": 1200000
					}
				},
				{
					"id": "schid_ad_1_2",
					"ch_id": "cocos_ad_60s_20210528_2mbps",
					"range": {
						"start": 0,
						"end": 60000
					}
				},
				{
					"id": "schid_1_3",
					"ch_id": "cocos_program_B120180515_D53",
					"range": {
						"start": 1200000,
						"end": 1800000
					}
				},
				{
					"id": "schid_ad_1_3",
					"ch_id": "cocos_ad_60s_20210528_2mbps",
					"range": {
						"start": 0,
						"end": 60000
					}
				},
				{
					"id": "schid_1_4",
					"ch_id": "cocos_program_B120180515_D53",
					"range": {
						"start": 1800000,
						"end": 2400000
					}
				},
				{
					"id": "schid_ad_1_4",
					"ch_id": "cocos_ad_60s_20210528_2mbps",
					"range": {
						"start": 0,
						"end": 60000
					}
				},
				{
					"id": "schid_1_5",
					"ch_id": "cocos_program_B120180515_D53",
					"range": {
						"start": 2400000,
						"end": 3000000
					}
				},
				{
					"id": "schid_ad_1_5",
					"ch_id": "cocos_ad_60s_20210528_2mbps",
					"range": {
						"start": 0,
						"end": 60000
					}
				},
				{
					"id": "schid_1_6",
					"ch_id": "cocos_program_B120180515_D53",
					"range": {
						"start": 3000000,
						"end": 3600000
					}
				},
				{
					"id": "schid_ad_1_6",
					"ch_id": "cocos_ad_60s_20210528_2mbps",
					"range": {
						"start": 0,
						"end": 60000
					}
				},
				{
					"id": "schid_1_7",
					"ch_id": "cocos_program_B120180515_D53",
					"range": {
						"start": 3600000,
						"end": 4200000
					}
				},
				{
					"id": "schid_ad_1_7",
					"ch_id": "cocos_ad_60s_20210528_2mbps",
					"range": {
						"start": 0,
						"end": 60000
					}
				},
				{
					"id": "schid_1_8",
					"ch_id": "cocos_program_B120180515_D53",
					"range": {
						"start": 4200000,
						"end": 4800000
					}
				},
				{
					"id": "schid_ad_1_8",
					"ch_id": "cocos_ad_60s_20210528_2mbps",
					"range": {
						"start": 0,
						"end": 60000
					}
				},
				{
					"id": "schid_1_9",
					"ch_id": "cocos_program_B120180515_D53",
					"range": {
						"start": 4800000,
						"end": 5400000
					}
				},
				{
					"id": "schid_ad_1_9",
					"ch_id": "cocos_ad_60s_20210528_2mbps",
					"range": {
						"start": 0,
						"end": 60000
					}
				},
				{
					"id": "schid_1_10",
					"ch_id": "cocos_program_B120180515_D53",
					"range": {
						"start": 5400000,
						"end": 5912000
					}
				},
				{
					"id": "schid_2_1",
					"ch_id": "cocos_program_B120180515_D54",
					"range": {
						"start": 0,
						"end": 600000
					}
				},
				{
					"id": "schid_ad_2_1",
					"ch_id": "cocos_ad_60s_20210528_2mbps",
					"range": {
						"start": 0,
						"end": 60000
					}
				},
				{
					"id": "schid_2_2",
					"ch_id": "cocos_program_B120180515_D54",
					"range": {
						"start": 600000,
						"end": 1200000
					}
				},
				{
					"id": "schid_ad_2_2",
					"ch_id": "cocos_ad_60s_20210528_2mbps",
					"range": {
						"start": 0,
						"end": 60000
					}
				},
				{
					"id": "schid_2_3",
					"ch_id": "cocos_program_B120180515_D54",
					"range": {
						"start": 1200000,
						"end": 1800000
					}
				},
				{
					"id": "schid_ad_2_3",
					"ch_id": "cocos_ad_60s_20210528_2mbps",
					"range": {
						"start": 0,
						"end": 60000
					}
				},
				{
					"id": "schid_2_4",
					"ch_id": "cocos_program_B120180515_D54",
					"range": {
						"start": 1800000,
						"end": 2400000
					}
				},
				{
					"id": "schid_ad_2_4",
					"ch_id": "cocos_ad_60s_20210528_2mbps",
					"range": {
						"start": 0,
						"end": 60000
					}
				},
				{
					"id": "schid_2_5",
					"ch_id": "cocos_program_B120180515_D54",
					"range": {
						"start": 2400000,
						"end": 3000000
					}
				},
				{
					"id": "schid_ad_2_5",
					"ch_id": "cocos_ad_60s_20210528_2mbps",
					"range": {
						"start": 0,
						"end": 60000
					}
				},
				{
					"id": "schid_2_6",
					"ch_id": "cocos_program_B120180515_D54",
					"range": {
						"start": 3000000,
						"end": 3600000
					}
				},
				{
					"id": "schid_ad_2_6",
					"ch_id": "cocos_ad_60s_20210528_2mbps",
					"range": {
						"start": 0,
						"end": 60000
					}
				},
				{
					"id": "schid_2_7",
					"ch_id": "cocos_program_B120180515_D54",
					"range": {
						"start": 3600000,
						"end": 4200000
					}
				},
				{
					"id": "schid_ad_2_7",
					"ch_id": "cocos_ad_60s_20210528_2mbps",
					"range": {
						"start": 0,
						"end": 60000
					}
				},
				{
					"id": "schid_2_8",
					"ch_id": "cocos_program_B120180515_D54",
					"range": {
						"start": 4200000,
						"end": 4800000
					}
				},
				{
					"id": "schid_ad_2_8",
					"ch_id": "cocos_ad_60s_20210528_2mbps",
					"range": {
						"start": 0,
						"end": 60000
					}
				},
				{
					"id": "schid_2_9",
					"ch_id": "cocos_program_B120180515_D54",
					"range": {
						"start": 4800000,
						"end": 5400000
					}
				},
				{
					"id": "schid_ad_2_9",
					"ch_id": "cocos_ad_60s_20210528_2mbps",
					"range": {
						"start": 0,
						"end": 60000
					}
				},
				{
					"id": "schid_2_10",
					"ch_id": "cocos_program_B120180515_D54",
					"range": {
						"start": 5400000,
						"end": 5693000
					}
				},
				{
					"id": "schid_3_1",
					"ch_id": "cocos_program_B120180515_D56",
					"range": {
						"start": 0,
						"end": 600000
					}
				},
				{
					"id": "schid_ad_3_1",
					"ch_id": "cocos_ad_60s_20210528_2mbps",
					"range": {
						"start": 0,
						"end": 60000
					}
				},
				{
					"id": "schid_3_2",
					"ch_id": "cocos_program_B120180515_D56",
					"range": {
						"start": 600000,
						"end": 1200000
					}
				},
				{
					"id": "schid_ad_3_2",
					"ch_id": "cocos_ad_60s_20210528_2mbps",
					"range": {
						"start": 0,
						"end": 60000
					}
				},
				{
					"id": "schid_3_3",
					"ch_id": "cocos_program_B120180515_D56",
					"range": {
						"start": 1200000,
						"end": 1800000
					}
				},
				{
					"id": "schid_ad_3_3",
					"ch_id": "cocos_ad_60s_20210528_2mbps",
					"range": {
						"start": 0,
						"end": 60000
					}
				},
				{
					"id": "schid_3_4",
					"ch_id": "cocos_program_B120180515_D56",
					"range": {
						"start": 1800000,
						"end": 2400000
					}
				},
				{
					"id": "schid_ad_3_4",
					"ch_id": "cocos_ad_60s_20210528_2mbps",
					"range": {
						"start": 0,
						"end": 60000
					}
				},
				{
					"id": "schid_3_5",
					"ch_id": "cocos_program_B120180515_D56",
					"range": {
						"start": 2400000,
						"end": 3000000
					}
				},
				{
					"id": "schid_ad_3_5",
					"ch_id": "cocos_ad_60s_20210528_2mbps",
					"range": {
						"start": 0,
						"end": 60000
					}
				},
				{
					"id": "schid_3_6",
					"ch_id": "cocos_program_B120180515_D56",
					"range": {
						"start": 3000000,
						"end": 3600000
					}
				},
				{
					"id": "schid_ad_3_6",
					"ch_id": "cocos_ad_60s_20210528_2mbps",
					"range": {
						"start": 0,
						"end": 60000
					}
				},
				{
					"id": "schid_3_7",
					"ch_id": "cocos_program_B120180515_D56",
					"range": {
						"start": 3600000,
						"end": 4200000
					}
				},
				{
					"id": "schid_ad_3_7",
					"ch_id": "cocos_ad_60s_20210528_2mbps",
					"range": {
						"start": 0,
						"end": 60000
					}
				},
				{
					"id": "schid_3_8",
					"ch_id": "cocos_program_B120180515_D56",
					"range": {
						"start": 4200000,
						"end": 4800000
					}
				},
				{
					"id": "schid_ad_3_8",
					"ch_id": "cocos_ad_60s_20210528_2mbps",
					"range": {
						"start": 0,
						"end": 60000
					}
				},
				{
					"id": "schid_3_9",
					"ch_id": "cocos_program_B120180515_D56",
					"range": {
						"start": 4800000,
						"end": 5400000
					}
				},
				{
					"id": "schid_ad_3_9",
					"ch_id": "cocos_ad_60s_20210528_2mbps",
					"range": {
						"start": 0,
						"end": 60000
					}
				},
				{
					"id": "schid_3_10",
					"ch_id": "cocos_program_B120180515_D56",
					"range": {
						"start": 5400000,
						"end": 6000000
					}
				},
				{
					"id": "schid_ad_3_10",
					"ch_id": "cocos_ad_60s_20210528_2mbps",
					"range": {
						"start": 0,
						"end": 60000
					}
				},
				{
					"id": "schid_3_11",
					"ch_id": "cocos_program_B120180515_D56",
					"range": {
						"start": 6000000,
						"end": 6351000
					}
				},
				{
					"id": "schid_4_1",
					"ch_id": "cocos_program_B120180515_D57",
					"range": {
						"start": 0,
						"end": 600000
					}
				},
				{
					"id": "schid_ad_4_1",
					"ch_id": "cocos_ad_60s_20210528_2mbps",
					"range": {
						"start": 0,
						"end": 60000
					}
				},
				{
					"id": "schid_4_2",
					"ch_id": "cocos_program_B120180515_D57",
					"range": {
						"start": 600000,
						"end": 1200000
					}
				},
				{
					"id": "schid_ad_4_2",
					"ch_id": "cocos_ad_60s_20210528_2mbps",
					"range": {
						"start": 0,
						"end": 60000
					}
				},
				{
					"id": "schid_4_3",
					"ch_id": "cocos_program_B120180515_D57",
					"range": {
						"start": 1200000,
						"end": 1800000
					}
				},
				{
					"id": "schid_ad_4_3",
					"ch_id": "cocos_ad_60s_20210528_2mbps",
					"range": {
						"start": 0,
						"end": 60000
					}
				},
				{
					"id": "schid_4_4",
					"ch_id": "cocos_program_B120180515_D57",
					"range": {
						"start": 1800000,
						"end": 2400000
					}
				},
				{
					"id": "schid_ad_4_4",
					"ch_id": "cocos_ad_60s_20210528_2mbps",
					"range": {
						"start": 0,
						"end": 60000
					}
				},
				{
					"id": "schid_4_5",
					"ch_id": "cocos_program_B120180515_D57",
					"range": {
						"start": 2400000,
						"end": 3000000
					}
				},
				{
					"id": "schid_ad_4_5",
					"ch_id": "cocos_ad_60s_20210528_2mbps",
					"range": {
						"start": 0,
						"end": 60000
					}
				},
				{
					"id": "schid_4_6",
					"ch_id": "cocos_program_B120180515_D57",
					"range": {
						"start": 3000000,
						"end": 3600000
					}
				},
				{
					"id": "schid_ad_4_6",
					"ch_id": "cocos_ad_60s_20210528_2mbps",
					"range": {
						"start": 0,
						"end": 60000
					}
				},
				{
					"id": "schid_4_7",
					"ch_id": "cocos_program_B120180515_D57",
					"range": {
						"start": 3600000,
						"end": 4200000
					}
				},
				{
					"id": "schid_ad_4_7",
					"ch_id": "cocos_ad_60s_20210528_2mbps",
					"range": {
						"start": 0,
						"end": 60000
					}
				},
				{
					"id": "schid_4_8",
					"ch_id": "cocos_program_B120180515_D57",
					"range": {
						"start": 4200000,
						"end": 4800000
					}
				},
				{
					"id": "schid_ad_4_8",
					"ch_id": "cocos_ad_60s_20210528_2mbps",
					"range": {
						"start": 0,
						"end": 60000
					}
				},
				{
					"id": "schid_4_9",
					"ch_id": "cocos_program_B120180515_D57",
					"range": {
						"start": 4800000,
						"end": 5400000
					}
				},
				{
					"id": "schid_ad_4_9",
					"ch_id": "cocos_ad_60s_20210528_2mbps",
					"range": {
						"start": 0,
						"end": 60000
					}
				},
				{
					"id": "schid_4_10",
					"ch_id": "cocos_program_B120180515_D57",
					"range": {
						"start": 5400000,
						"end": 6000000
					}
				},
				{
					"id": "schid_ad_4_10",
					"ch_id": "cocos_ad_60s_20210528_2mbps",
					"range": {
						"start": 0,
						"end": 60000
					}
				},
				{
					"id": "schid_4_11",
					"ch_id": "cocos_program_B120180515_D57",
					"range": {
						"start": 6000000,
						"end": 6428000
					}
				},
				{
					"id": "schid_5_1",
					"ch_id": "cocos_program_B120180515_D58",
					"range": {
						"start": 0,
						"end": 600000
					}
				},
				{
					"id": "schid_ad_5_1",
					"ch_id": "cocos_ad_60s_20210528_2mbps",
					"range": {
						"start": 0,
						"end": 60000
					}
				},
				{
					"id": "schid_5_2",
					"ch_id": "cocos_program_B120180515_D58",
					"range": {
						"start": 600000,
						"end": 1200000
					}
				},
				{
					"id": "schid_ad_5_2",
					"ch_id": "cocos_ad_60s_20210528_2mbps",
					"range": {
						"start": 0,
						"end": 60000
					}
				},
				{
					"id": "schid_5_3",
					"ch_id": "cocos_program_B120180515_D58",
					"range": {
						"start": 1200000,
						"end": 1800000
					}
				},
				{
					"id": "schid_ad_5_3",
					"ch_id": "cocos_ad_60s_20210528_2mbps",
					"range": {
						"start": 0,
						"end": 60000
					}
				},
				{
					"id": "schid_5_4",
					"ch_id": "cocos_program_B120180515_D58",
					"range": {
						"start": 1800000,
						"end": 2400000
					}
				},
				{
					"id": "schid_ad_5_4",
					"ch_id": "cocos_ad_60s_20210528_2mbps",
					"range": {
						"start": 0,
						"end": 60000
					}
				},
				{
					"id": "schid_5_5",
					"ch_id": "cocos_program_B120180515_D58",
					"range": {
						"start": 2400000,
						"end": 3000000
					}
				},
				{
					"id": "schid_ad_5_5",
					"ch_id": "cocos_ad_60s_20210528_2mbps",
					"range": {
						"start": 0,
						"end": 60000
					}
				},
				{
					"id": "schid_5_6",
					"ch_id": "cocos_program_B120180515_D58",
					"range": {
						"start": 3000000,
						"end": 3600000
					}
				},
				{
					"id": "schid_ad_5_6",
					"ch_id": "cocos_ad_60s_20210528_2mbps",
					"range": {
						"start": 0,
						"end": 60000
					}
				},
				{
					"id": "schid_5_7",
					"ch_id": "cocos_program_B120180515_D58",
					"range": {
						"start": 3600000,
						"end": 4200000
					}
				},
				{
					"id": "schid_ad_5_7",
					"ch_id": "cocos_ad_60s_20210528_2mbps",
					"range": {
						"start": 0,
						"end": 60000
					}
				},
				{
					"id": "schid_5_8",
					"ch_id": "cocos_program_B120180515_D58",
					"range": {
						"start": 4200000,
						"end": 4800000
					}
				},
				{
					"id": "schid_ad_5_8",
					"ch_id": "cocos_ad_60s_20210528_2mbps",
					"range": {
						"start": 0,
						"end": 60000
					}
				},
				{
					"id": "schid_5_9",
					"ch_id": "cocos_program_B120180515_D58",
					"range": {
						"start": 4800000,
						"end": 5400000
					}
				},
				{
					"id": "schid_ad_5_9",
					"ch_id": "cocos_ad_60s_20210528_2mbps",
					"range": {
						"start": 0,
						"end": 60000
					}
				},
				{
					"id": "schid_5_10",
					"ch_id": "cocos_program_B120180515_D58",
					"range": {
						"start": 5400000,
						"end": 5888000
					}
				},
				{
					"id": "schid_6_1",
					"ch_id": "cocos_program_B120180515_D59",
					"range": {
						"start": 0,
						"end": 600000
					}
				},
				{
					"id": "schid_ad_6_1",
					"ch_id": "cocos_ad_60s_20210528_2mbps",
					"range": {
						"start": 0,
						"end": 60000
					}
				},
				{
					"id": "schid_6_2",
					"ch_id": "cocos_program_B120180515_D59",
					"range": {
						"start": 600000,
						"end": 1200000
					}
				},
				{
					"id": "schid_ad_6_2",
					"ch_id": "cocos_ad_60s_20210528_2mbps",
					"range": {
						"start": 0,
						"end": 60000
					}
				},
				{
					"id": "schid_6_3",
					"ch_id": "cocos_program_B120180515_D59",
					"range": {
						"start": 1200000,
						"end": 1800000
					}
				},
				{
					"id": "schid_ad_6_3",
					"ch_id": "cocos_ad_60s_20210528_2mbps",
					"range": {
						"start": 0,
						"end": 60000
					}
				},
				{
					"id": "schid_6_4",
					"ch_id": "cocos_program_B120180515_D59",
					"range": {
						"start": 1800000,
						"end": 2400000
					}
				},
				{
					"id": "schid_ad_6_4",
					"ch_id": "cocos_ad_60s_20210528_2mbps",
					"range": {
						"start": 0,
						"end": 60000
					}
				},
				{
					"id": "schid_6_5",
					"ch_id": "cocos_program_B120180515_D59",
					"range": {
						"start": 2400000,
						"end": 3000000
					}
				},
				{
					"id": "schid_ad_6_5",
					"ch_id": "cocos_ad_60s_20210528_2mbps",
					"range": {
						"start": 0,
						"end": 60000
					}
				},
				{
					"id": "schid_6_6",
					"ch_id": "cocos_program_B120180515_D59",
					"range": {
						"start": 3000000,
						"end": 3600000
					}
				},
				{
					"id": "schid_ad_6_6",
					"ch_id": "cocos_ad_60s_20210528_2mbps",
					"range": {
						"start": 0,
						"end": 60000
					}
				},
				{
					"id": "schid_6_7",
					"ch_id": "cocos_program_B120180515_D59",
					"range": {
						"start": 3600000,
						"end": 4200000
					}
				},
				{
					"id": "schid_ad_6_7",
					"ch_id": "cocos_ad_60s_20210528_2mbps",
					"range": {
						"start": 0,
						"end": 60000
					}
				},
				{
					"id": "schid_6_8",
					"ch_id": "cocos_program_B120180515_D59",
					"range": {
						"start": 4200000,
						"end": 4800000
					}
				},
				{
					"id": "schid_ad_6_8",
					"ch_id": "cocos_ad_60s_20210528_2mbps",
					"range": {
						"start": 0,
						"end": 60000
					}
				},
				{
					"id": "schid_6_9",
					"ch_id": "cocos_program_B120180515_D59",
					"range": {
						"start": 4800000,
						"end": 5400000
					}
				},
				{
					"id": "schid_ad_6_9",
					"ch_id": "cocos_ad_60s_20210528_2mbps",
					"range": {
						"start": 0,
						"end": 60000
					}
				},
				{
					"id": "schid_6_10",
					"ch_id": "cocos_program_B120180515_D59",
					"range": {
						"start": 5400000,
						"end": 6000000
					}
				},
				{
					"id": "schid_ad_6_10",
					"ch_id": "cocos_ad_60s_20210528_2mbps",
					"range": {
						"start": 0,
						"end": 60000
					}
				},
				{
					"id": "schid_6_11",
					"ch_id": "cocos_program_B120180515_D59",
					"range": {
						"start": 6000000,
						"end": 6578000
					}
				},
				{
					"id": "schid_7_1",
					"ch_id": "cocos_program_B120180515_D60",
					"range": {
						"start": 0,
						"end": 600000
					}
				},
				{
					"id": "schid_ad_7_1",
					"ch_id": "cocos_ad_60s_20210528_2mbps",
					"range": {
						"start": 0,
						"end": 60000
					}
				},
				{
					"id": "schid_7_2",
					"ch_id": "cocos_program_B120180515_D60",
					"range": {
						"start": 600000,
						"end": 1200000
					}
				},
				{
					"id": "schid_ad_7_2",
					"ch_id": "cocos_ad_60s_20210528_2mbps",
					"range": {
						"start": 0,
						"end": 60000
					}
				},
				{
					"id": "schid_7_3",
					"ch_id": "cocos_program_B120180515_D60",
					"range": {
						"start": 1200000,
						"end": 1800000
					}
				},
				{
					"id": "schid_ad_7_3",
					"ch_id": "cocos_ad_60s_20210528_2mbps",
					"range": {
						"start": 0,
						"end": 60000
					}
				},
				{
					"id": "schid_7_4",
					"ch_id": "cocos_program_B120180515_D60",
					"range": {
						"start": 1800000,
						"end": 2400000
					}
				},
				{
					"id": "schid_ad_7_4",
					"ch_id": "cocos_ad_60s_20210528_2mbps",
					"range": {
						"start": 0,
						"end": 60000
					}
				},
				{
					"id": "schid_7_5",
					"ch_id": "cocos_program_B120180515_D60",
					"range": {
						"start": 2400000,
						"end": 3000000
					}
				},
				{
					"id": "schid_ad_7_5",
					"ch_id": "cocos_ad_60s_20210528_2mbps",
					"range": {
						"start": 0,
						"end": 60000
					}
				},
				{
					"id": "schid_7_6",
					"ch_id": "cocos_program_B120180515_D60",
					"range": {
						"start": 3000000,
						"end": 3600000
					}
				},
				{
					"id": "schid_ad_7_6",
					"ch_id": "cocos_ad_60s_20210528_2mbps",
					"range": {
						"start": 0,
						"end": 60000
					}
				},
				{
					"id": "schid_7_7",
					"ch_id": "cocos_program_B120180515_D60",
					"range": {
						"start": 3600000,
						"end": 4200000
					}
				},
				{
					"id": "schid_ad_7_7",
					"ch_id": "cocos_ad_60s_20210528_2mbps",
					"range": {
						"start": 0,
						"end": 60000
					}
				},
				{
					"id": "schid_7_8",
					"ch_id": "cocos_program_B120180515_D60",
					"range": {
						"start": 4200000,
						"end": 4800000
					}
				},
				{
					"id": "schid_ad_7_8",
					"ch_id": "cocos_ad_60s_20210528_2mbps",
					"range": {
						"start": 0,
						"end": 60000
					}
				},
				{
					"id": "schid_7_9",
					"ch_id": "cocos_program_B120180515_D60",
					"range": {
						"start": 4800000,
						"end": 5400000
					}
				},
				{
					"id": "schid_ad_7_9",
					"ch_id": "cocos_ad_60s_20210528_2mbps",
					"range": {
						"start": 0,
						"end": 60000
					}
				},
				{
					"id": "schid_7_10",
					"ch_id": "cocos_program_B120180515_D60",
					"range": {
						"start": 5400000,
						"end": 5676000
					}
				},
				{
					"id": "schid_8_1",
					"ch_id": "cocos_program_B120180515_D61",
					"range": {
						"start": 0,
						"end": 600000
					}
				},
				{
					"id": "schid_ad_8_1",
					"ch_id": "cocos_ad_60s_20210528_2mbps",
					"range": {
						"start": 0,
						"end": 60000
					}
				},
				{
					"id": "schid_8_2",
					"ch_id": "cocos_program_B120180515_D61",
					"range": {
						"start": 600000,
						"end": 1200000
					}
				},
				{
					"id": "schid_ad_8_2",
					"ch_id": "cocos_ad_60s_20210528_2mbps",
					"range": {
						"start": 0,
						"end": 60000
					}
				},
				{
					"id": "schid_8_3",
					"ch_id": "cocos_program_B120180515_D61",
					"range": {
						"start": 1200000,
						"end": 1800000
					}
				},
				{
					"id": "schid_ad_8_3",
					"ch_id": "cocos_ad_60s_20210528_2mbps",
					"range": {
						"start": 0,
						"end": 60000
					}
				},
				{
					"id": "schid_8_4",
					"ch_id": "cocos_program_B120180515_D61",
					"range": {
						"start": 1800000,
						"end": 2400000
					}
				},
				{
					"id": "schid_ad_8_4",
					"ch_id": "cocos_ad_60s_20210528_2mbps",
					"range": {
						"start": 0,
						"end": 60000
					}
				},
				{
					"id": "schid_8_5",
					"ch_id": "cocos_program_B120180515_D61",
					"range": {
						"start": 2400000,
						"end": 3000000
					}
				},
				{
					"id": "schid_ad_8_5",
					"ch_id": "cocos_ad_60s_20210528_2mbps",
					"range": {
						"start": 0,
						"end": 60000
					}
				},
				{
					"id": "schid_8_6",
					"ch_id": "cocos_program_B120180515_D61",
					"range": {
						"start": 3000000,
						"end": 3600000
					}
				},
				{
					"id": "schid_ad_8_6",
					"ch_id": "cocos_ad_60s_20210528_2mbps",
					"range": {
						"start": 0,
						"end": 60000
					}
				},
				{
					"id": "schid_8_7",
					"ch_id": "cocos_program_B120180515_D61",
					"range": {
						"start": 3600000,
						"end": 4200000
					}
				},
				{
					"id": "schid_ad_8_7",
					"ch_id": "cocos_ad_60s_20210528_2mbps",
					"range": {
						"start": 0,
						"end": 60000
					}
				},
				{
					"id": "schid_8_8",
					"ch_id": "cocos_program_B120180515_D61",
					"range": {
						"start": 4200000,
						"end": 4800000
					}
				},
				{
					"id": "schid_ad_8_8",
					"ch_id": "cocos_ad_60s_20210528_2mbps",
					"range": {
						"start": 0,
						"end": 60000
					}
				},
				{
					"id": "schid_8_9",
					"ch_id": "cocos_program_B120180515_D61",
					"range": {
						"start": 4800000,
						"end": 5400000
					}
				},
				{
					"id": "schid_ad_8_9",
					"ch_id": "cocos_ad_60s_20210528_2mbps",
					"range": {
						"start": 0,
						"end": 60000
					}
				},
				{
					"id": "schid_8_10",
					"ch_id": "cocos_program_B120180515_D61",
					"range": {
						"start": 5400000,
						"end": 5755000
					}
				},
				{
					"id": "schid_9_1",
					"ch_id": "cocos_program_B120180515_D62",
					"range": {
						"start": 0,
						"end": 600000
					}
				},
				{
					"id": "schid_ad_9_1",
					"ch_id": "cocos_ad_60s_20210528_2mbps",
					"range": {
						"start": 0,
						"end": 60000
					}
				},
				{
					"id": "schid_9_2",
					"ch_id": "cocos_program_B120180515_D62",
					"range": {
						"start": 600000,
						"end": 1200000
					}
				},
				{
					"id": "schid_ad_9_2",
					"ch_id": "cocos_ad_60s_20210528_2mbps",
					"range": {
						"start": 0,
						"end": 60000
					}
				},
				{
					"id": "schid_9_3",
					"ch_id": "cocos_program_B120180515_D62",
					"range": {
						"start": 1200000,
						"end": 1800000
					}
				},
				{
					"id": "schid_ad_9_3",
					"ch_id": "cocos_ad_60s_20210528_2mbps",
					"range": {
						"start": 0,
						"end": 60000
					}
				},
				{
					"id": "schid_9_4",
					"ch_id": "cocos_program_B120180515_D62",
					"range": {
						"start": 1800000,
						"end": 2400000
					}
				},
				{
					"id": "schid_ad_9_4",
					"ch_id": "cocos_ad_60s_20210528_2mbps",
					"range": {
						"start": 0,
						"end": 60000
					}
				},
				{
					"id": "schid_9_5",
					"ch_id": "cocos_program_B120180515_D62",
					"range": {
						"start": 2400000,
						"end": 3000000
					}
				},
				{
					"id": "schid_ad_9_5",
					"ch_id": "cocos_ad_60s_20210528_2mbps",
					"range": {
						"start": 0,
						"end": 60000
					}
				},
				{
					"id": "schid_9_6",
					"ch_id": "cocos_program_B120180515_D62",
					"range": {
						"start": 3000000,
						"end": 3600000
					}
				},
				{
					"id": "schid_ad_9_6",
					"ch_id": "cocos_ad_60s_20210528_2mbps",
					"range": {
						"start": 0,
						"end": 60000
					}
				},
				{
					"id": "schid_9_7",
					"ch_id": "cocos_program_B120180515_D62",
					"range": {
						"start": 3600000,
						"end": 4200000
					}
				},
				{
					"id": "schid_ad_9_7",
					"ch_id": "cocos_ad_60s_20210528_2mbps",
					"range": {
						"start": 0,
						"end": 60000
					}
				},
				{
					"id": "schid_9_8",
					"ch_id": "cocos_program_B120180515_D62",
					"range": {
						"start": 4200000,
						"end": 4800000
					}
				},
				{
					"id": "schid_ad_9_8",
					"ch_id": "cocos_ad_60s_20210528_2mbps",
					"range": {
						"start": 0,
						"end": 60000
					}
				},
				{
					"id": "schid_9_9",
					"ch_id": "cocos_program_B120180515_D62",
					"range": {
						"start": 4800000,
						"end": 5400000
					}
				},
				{
					"id": "schid_ad_9_9",
					"ch_id": "cocos_ad_60s_20210528_2mbps",
					"range": {
						"start": 0,
						"end": 60000
					}
				},
				{
					"id": "schid_9_10",
					"ch_id": "cocos_program_B120180515_D62",
					"range": {
						"start": 5400000,
						"end": 6000000
					}
				},
				{
					"id": "schid_ad_9_10",
					"ch_id": "cocos_ad_60s_20210528_2mbps",
					"range": {
						"start": 0,
						"end": 60000
					}
				},
				{
					"id": "schid_9_11",
					"ch_id": "cocos_program_B120180515_D62",
					"range": {
						"start": 6000000,
						"end": 6600000
					}
				},
				{
					"id": "schid_ad_9_11",
					"ch_id": "cocos_ad_60s_20210528_2mbps",
					"range": {
						"start": 0,
						"end": 60000
					}
				},
				{
					"id": "schid_9_12",
					"ch_id": "cocos_program_B120180515_D62",
					"range": {
						"start": 6600000,
						"end": 6852000
					}
				},
				{
					"id": "schid_10_1",
					"ch_id": "cocos_program_B120180515_D63",
					"range": {
						"start": 0,
						"end": 600000
					}
				},
				{
					"id": "schid_ad_10_1",
					"ch_id": "cocos_ad_60s_20210528_2mbps",
					"range": {
						"start": 0,
						"end": 60000
					}
				},
				{
					"id": "schid_10_2",
					"ch_id": "cocos_program_B120180515_D63",
					"range": {
						"start": 600000,
						"end": 1200000
					}
				},
				{
					"id": "schid_ad_10_2",
					"ch_id": "cocos_ad_60s_20210528_2mbps",
					"range": {
						"start": 0,
						"end": 60000
					}
				},
				{
					"id": "schid_10_3",
					"ch_id": "cocos_program_B120180515_D63",
					"range": {
						"start": 1200000,
						"end": 1800000
					}
				},
				{
					"id": "schid_ad_10_3",
					"ch_id": "cocos_ad_60s_20210528_2mbps",
					"range": {
						"start": 0,
						"end": 60000
					}
				},
				{
					"id": "schid_10_4",
					"ch_id": "cocos_program_B120180515_D63",
					"range": {
						"start": 1800000,
						"end": 2400000
					}
				},
				{
					"id": "schid_ad_10_4",
					"ch_id": "cocos_ad_60s_20210528_2mbps",
					"range": {
						"start": 0,
						"end": 60000
					}
				},
				{
					"id": "schid_10_5",
					"ch_id": "cocos_program_B120180515_D63",
					"range": {
						"start": 2400000,
						"end": 3000000
					}
				},
				{
					"id": "schid_ad_10_5",
					"ch_id": "cocos_ad_60s_20210528_2mbps",
					"range": {
						"start": 0,
						"end": 60000
					}
				},
				{
					"id": "schid_10_6",
					"ch_id": "cocos_program_B120180515_D63",
					"range": {
						"start": 3000000,
						"end": 3600000
					}
				},
				{
					"id": "schid_ad_10_6",
					"ch_id": "cocos_ad_60s_20210528_2mbps",
					"range": {
						"start": 0,
						"end": 60000
					}
				},
				{
					"id": "schid_10_7",
					"ch_id": "cocos_program_B120180515_D63",
					"range": {
						"start": 3600000,
						"end": 4200000
					}
				},
				{
					"id": "schid_ad_10_7",
					"ch_id": "cocos_ad_60s_20210528_2mbps",
					"range": {
						"start": 0,
						"end": 60000
					}
				},
				{
					"id": "schid_10_8",
					"ch_id": "cocos_program_B120180515_D63",
					"range": {
						"start": 4200000,
						"end": 4800000
					}
				},
				{
					"id": "schid_ad_10_8",
					"ch_id": "cocos_ad_60s_20210528_2mbps",
					"range": {
						"start": 0,
						"end": 60000
					}
				},
				{
					"id": "schid_10_9",
					"ch_id": "cocos_program_B120180515_D63",
					"range": {
						"start": 4800000,
						"end": 5400000
					}
				},
				{
					"id": "schid_ad_10_9",
					"ch_id": "cocos_ad_60s_20210528_2mbps",
					"range": {
						"start": 0,
						"end": 60000
					}
				},
				{
					"id": "schid_10_10",
					"ch_id": "cocos_program_B120180515_D63",
					"range": {
						"start": 5400000,
						"end": 6000000
					}
				},
				{
					"id": "schid_ad_10_10",
					"ch_id": "cocos_ad_60s_20210528_2mbps",
					"range": {
						"start": 0,
						"end": 60000
					}
				},
				{
					"id": "schid_10_11",
					"ch_id": "cocos_program_B120180515_D63",
					"range": {
						"start": 6000000,
						"end": 6600000
					}
				},
				{
					"id": "schid_ad_10_11",
					"ch_id": "cocos_ad_60s_20210528_2mbps",
					"range": {
						"start": 0,
						"end": 60000
					}
				},
				{
					"id": "schid_10_12",
					"ch_id": "cocos_program_B120180515_D63",
					"range": {
						"start": 6600000,
						"end": 7200000
					}
				},
				{
					"id": "schid_ad_10_12",
					"ch_id": "cocos_ad_60s_20210528_2mbps",
					"range": {
						"start": 0,
						"end": 60000
					}
				},
				{
					"id": "schid_10_13",
					"ch_id": "cocos_program_B120180515_D63",
					"range": {
						"start": 7200000,
						"end": 7335000
					}
				},
				{
					"id": "schid_11_1",
					"ch_id": "cocos_program_B120180515_D64",
					"range": {
						"start": 0,
						"end": 600000
					}
				},
				{
					"id": "schid_ad_11_1",
					"ch_id": "cocos_ad_60s_20210528_2mbps",
					"range": {
						"start": 0,
						"end": 60000
					}
				},
				{
					"id": "schid_11_2",
					"ch_id": "cocos_program_B120180515_D64",
					"range": {
						"start": 600000,
						"end": 1200000
					}
				},
				{
					"id": "schid_ad_11_2",
					"ch_id": "cocos_ad_60s_20210528_2mbps",
					"range": {
						"start": 0,
						"end": 60000
					}
				},
				{
					"id": "schid_11_3",
					"ch_id": "cocos_program_B120180515_D64",
					"range": {
						"start": 1200000,
						"end": 1800000
					}
				},
				{
					"id": "schid_ad_11_3",
					"ch_id": "cocos_ad_60s_20210528_2mbps",
					"range": {
						"start": 0,
						"end": 60000
					}
				},
				{
					"id": "schid_11_4",
					"ch_id": "cocos_program_B120180515_D64",
					"range": {
						"start": 1800000,
						"end": 2400000
					}
				},
				{
					"id": "schid_ad_11_4",
					"ch_id": "cocos_ad_60s_20210528_2mbps",
					"range": {
						"start": 0,
						"end": 60000
					}
				},
				{
					"id": "schid_11_5",
					"ch_id": "cocos_program_B120180515_D64",
					"range": {
						"start": 2400000,
						"end": 3000000
					}
				},
				{
					"id": "schid_ad_11_5",
					"ch_id": "cocos_ad_60s_20210528_2mbps",
					"range": {
						"start": 0,
						"end": 60000
					}
				},
				{
					"id": "schid_11_6",
					"ch_id": "cocos_program_B120180515_D64",
					"range": {
						"start": 3000000,
						"end": 3600000
					}
				},
				{
					"id": "schid_ad_11_6",
					"ch_id": "cocos_ad_60s_20210528_2mbps",
					"range": {
						"start": 0,
						"end": 60000
					}
				},
				{
					"id": "schid_11_7",
					"ch_id": "cocos_program_B120180515_D64",
					"range": {
						"start": 3600000,
						"end": 4200000
					}
				},
				{
					"id": "schid_ad_11_7",
					"ch_id": "cocos_ad_60s_20210528_2mbps",
					"range": {
						"start": 0,
						"end": 60000
					}
				},
				{
					"id": "schid_11_8",
					"ch_id": "cocos_program_B120180515_D64",
					"range": {
						"start": 4200000,
						"end": 4800000
					}
				},
				{
					"id": "schid_ad_11_8",
					"ch_id": "cocos_ad_60s_20210528_2mbps",
					"range": {
						"start": 0,
						"end": 60000
					}
				},
				{
					"id": "schid_11_9",
					"ch_id": "cocos_program_B120180515_D64",
					"range": {
						"start": 4800000,
						"end": 5400000
					}
				},
				{
					"id": "schid_ad_11_9",
					"ch_id": "cocos_ad_60s_20210528_2mbps",
					"range": {
						"start": 0,
						"end": 60000
					}
				},
				{
					"id": "schid_11_10",
					"ch_id": "cocos_program_B120180515_D64",
					"range": {
						"start": 5400000,
						"end": 6000000
					}
				},
				{
					"id": "schid_ad_11_10",
					"ch_id": "cocos_ad_60s_20210528_2mbps",
					"range": {
						"start": 0,
						"end": 60000
					}
				},
				{
					"id": "schid_11_11",
					"ch_id": "cocos_program_B120180515_D64",
					"range": {
						"start": 6000000,
						"end": 6390000
					}
				},
				{
					"id": "schid_12_1",
					"ch_id": "cocos_program_B120180515_D65",
					"range": {
						"start": 0,
						"end": 600000
					}
				},
				{
					"id": "schid_ad_12_1",
					"ch_id": "cocos_ad_60s_20210528_2mbps",
					"range": {
						"start": 0,
						"end": 60000
					}
				},
				{
					"id": "schid_12_2",
					"ch_id": "cocos_program_B120180515_D65",
					"range": {
						"start": 600000,
						"end": 1200000
					}
				},
				{
					"id": "schid_ad_12_2",
					"ch_id": "cocos_ad_60s_20210528_2mbps",
					"range": {
						"start": 0,
						"end": 60000
					}
				},
				{
					"id": "schid_12_3",
					"ch_id": "cocos_program_B120180515_D65",
					"range": {
						"start": 1200000,
						"end": 1800000
					}
				},
				{
					"id": "schid_ad_12_3",
					"ch_id": "cocos_ad_60s_20210528_2mbps",
					"range": {
						"start": 0,
						"end": 60000
					}
				},
				{
					"id": "schid_12_4",
					"ch_id": "cocos_program_B120180515_D65",
					"range": {
						"start": 1800000,
						"end": 2400000
					}
				},
				{
					"id": "schid_ad_12_4",
					"ch_id": "cocos_ad_60s_20210528_2mbps",
					"range": {
						"start": 0,
						"end": 60000
					}
				},
				{
					"id": "schid_12_5",
					"ch_id": "cocos_program_B120180515_D65",
					"range": {
						"start": 2400000,
						"end": 3000000
					}
				},
				{
					"id": "schid_ad_12_5",
					"ch_id": "cocos_ad_60s_20210528_2mbps",
					"range": {
						"start": 0,
						"end": 60000
					}
				},
				{
					"id": "schid_12_6",
					"ch_id": "cocos_program_B120180515_D65",
					"range": {
						"start": 3000000,
						"end": 3600000
					}
				},
				{
					"id": "schid_ad_12_6",
					"ch_id": "cocos_ad_60s_20210528_2mbps",
					"range": {
						"start": 0,
						"end": 60000
					}
				},
				{
					"id": "schid_12_7",
					"ch_id": "cocos_program_B120180515_D65",
					"range": {
						"start": 3600000,
						"end": 4200000
					}
				},
				{
					"id": "schid_ad_12_7",
					"ch_id": "cocos_ad_60s_20210528_2mbps",
					"range": {
						"start": 0,
						"end": 60000
					}
				},
				{
					"id": "schid_12_8",
					"ch_id": "cocos_program_B120180515_D65",
					"range": {
						"start": 4200000,
						"end": 4800000
					}
				},
				{
					"id": "schid_ad_12_8",
					"ch_id": "cocos_ad_60s_20210528_2mbps",
					"range": {
						"start": 0,
						"end": 60000
					}
				},
				{
					"id": "schid_12_9",
					"ch_id": "cocos_program_B120180515_D65",
					"range": {
						"start": 4800000,
						"end": 5400000
					}
				},
				{
					"id": "schid_ad_12_9",
					"ch_id": "cocos_ad_60s_20210528_2mbps",
					"range": {
						"start": 0,
						"end": 60000
					}
				},
				{
					"id": "schid_12_10",
					"ch_id": "cocos_program_B120180515_D65",
					"range": {
						"start": 5400000,
						"end": 5735000
					}
				},
				{
					"id": "schid_13_1",
					"ch_id": "cocos_program_B120180515_D66",
					"range": {
						"start": 0,
						"end": 600000
					}
				},
				{
					"id": "schid_ad_13_1",
					"ch_id": "cocos_ad_60s_20210528_2mbps",
					"range": {
						"start": 0,
						"end": 60000
					}
				},
				{
					"id": "schid_13_2",
					"ch_id": "cocos_program_B120180515_D66",
					"range": {
						"start": 600000,
						"end": 1200000
					}
				},
				{
					"id": "schid_ad_13_2",
					"ch_id": "cocos_ad_60s_20210528_2mbps",
					"range": {
						"start": 0,
						"end": 60000
					}
				},
				{
					"id": "schid_13_3",
					"ch_id": "cocos_program_B120180515_D66",
					"range": {
						"start": 1200000,
						"end": 1800000
					}
				},
				{
					"id": "schid_ad_13_3",
					"ch_id": "cocos_ad_60s_20210528_2mbps",
					"range": {
						"start": 0,
						"end": 60000
					}
				},
				{
					"id": "schid_13_4",
					"ch_id": "cocos_program_B120180515_D66",
					"range": {
						"start": 1800000,
						"end": 2400000
					}
				},
				{
					"id": "schid_ad_13_4",
					"ch_id": "cocos_ad_60s_20210528_2mbps",
					"range": {
						"start": 0,
						"end": 60000
					}
				},
				{
					"id": "schid_13_5",
					"ch_id": "cocos_program_B120180515_D66",
					"range": {
						"start": 2400000,
						"end": 3000000
					}
				},
				{
					"id": "schid_ad_13_5",
					"ch_id": "cocos_ad_60s_20210528_2mbps",
					"range": {
						"start": 0,
						"end": 60000
					}
				},
				{
					"id": "schid_13_6",
					"ch_id": "cocos_program_B120180515_D66",
					"range": {
						"start": 3000000,
						"end": 3600000
					}
				},
				{
					"id": "schid_ad_13_6",
					"ch_id": "cocos_ad_60s_20210528_2mbps",
					"range": {
						"start": 0,
						"end": 60000
					}
				},
				{
					"id": "schid_13_7",
					"ch_id": "cocos_program_B120180515_D66",
					"range": {
						"start": 3600000,
						"end": 4200000
					}
				},
				{
					"id": "schid_ad_13_7",
					"ch_id": "cocos_ad_60s_20210528_2mbps",
					"range": {
						"start": 0,
						"end": 60000
					}
				},
				{
					"id": "schid_13_8",
					"ch_id": "cocos_program_B120180515_D66",
					"range": {
						"start": 4200000,
						"end": 4800000
					}
				},
				{
					"id": "schid_ad_13_8",
					"ch_id": "cocos_ad_60s_20210528_2mbps",
					"range": {
						"start": 0,
						"end": 60000
					}
				},
				{
					"id": "schid_13_9",
					"ch_id": "cocos_program_B120180515_D66",
					"range": {
						"start": 4800000,
						"end": 5063000
					}
				},
				{
					"id": "schid_14_1",
					"ch_id": "cocos_program_B120180515_D67",
					"range": {
						"start": 0,
						"end": 600000
					}
				},
				{
					"id": "schid_ad_14_1",
					"ch_id": "cocos_ad_60s_20210528_2mbps",
					"range": {
						"start": 0,
						"end": 60000
					}
				},
				{
					"id": "schid_14_2",
					"ch_id": "cocos_program_B120180515_D67",
					"range": {
						"start": 600000,
						"end": 1200000
					}
				},
				{
					"id": "schid_ad_14_2",
					"ch_id": "cocos_ad_60s_20210528_2mbps",
					"range": {
						"start": 0,
						"end": 60000
					}
				},
				{
					"id": "schid_14_3",
					"ch_id": "cocos_program_B120180515_D67",
					"range": {
						"start": 1200000,
						"end": 1800000
					}
				},
				{
					"id": "schid_ad_14_3",
					"ch_id": "cocos_ad_60s_20210528_2mbps",
					"range": {
						"start": 0,
						"end": 60000
					}
				},
				{
					"id": "schid_14_4",
					"ch_id": "cocos_program_B120180515_D67",
					"range": {
						"start": 1800000,
						"end": 2400000
					}
				},
				{
					"id": "schid_ad_14_4",
					"ch_id": "cocos_ad_60s_20210528_2mbps",
					"range": {
						"start": 0,
						"end": 60000
					}
				},
				{
					"id": "schid_14_5",
					"ch_id": "cocos_program_B120180515_D67",
					"range": {
						"start": 2400000,
						"end": 3000000
					}
				},
				{
					"id": "schid_ad_14_5",
					"ch_id": "cocos_ad_60s_20210528_2mbps",
					"range": {
						"start": 0,
						"end": 60000
					}
				},
				{
					"id": "schid_14_6",
					"ch_id": "cocos_program_B120180515_D67",
					"range": {
						"start": 3000000,
						"end": 3600000
					}
				},
				{
					"id": "schid_ad_14_6",
					"ch_id": "cocos_ad_60s_20210528_2mbps",
					"range": {
						"start": 0,
						"end": 60000
					}
				},
				{
					"id": "schid_14_7",
					"ch_id": "cocos_program_B120180515_D67",
					"range": {
						"start": 3600000,
						"end": 4200000
					}
				},
				{
					"id": "schid_ad_14_7",
					"ch_id": "cocos_ad_60s_20210528_2mbps",
					"range": {
						"start": 0,
						"end": 60000
					}
				},
				{
					"id": "schid_14_8",
					"ch_id": "cocos_program_B120180515_D67",
					"range": {
						"start": 4200000,
						"end": 4800000
					}
				},
				{
					"id": "schid_ad_14_8",
					"ch_id": "cocos_ad_60s_20210528_2mbps",
					"range": {
						"start": 0,
						"end": 60000
					}
				},
				{
					"id": "schid_14_9",
					"ch_id": "cocos_program_B120180515_D67",
					"range": {
						"start": 4800000,
						"end": 5400000
					}
				},
				{
					"id": "schid_ad_14_9",
					"ch_id": "cocos_ad_60s_20210528_2mbps",
					"range": {
						"start": 0,
						"end": 60000
					}
				},
				{
					"id": "schid_14_10",
					"ch_id": "cocos_program_B120180515_D67",
					"range": {
						"start": 5400000,
						"end": 5661000
					}
				},
				{
					"id": "schid_15_1",
					"ch_id": "cocos_program_B120180515_D68",
					"range": {
						"start": 0,
						"end": 600000
					}
				},
				{
					"id": "schid_ad_15_1",
					"ch_id": "cocos_ad_60s_20210528_2mbps",
					"range": {
						"start": 0,
						"end": 60000
					}
				},
				{
					"id": "schid_15_2",
					"ch_id": "cocos_program_B120180515_D68",
					"range": {
						"start": 600000,
						"end": 1200000
					}
				},
				{
					"id": "schid_ad_15_2",
					"ch_id": "cocos_ad_60s_20210528_2mbps",
					"range": {
						"start": 0,
						"end": 60000
					}
				},
				{
					"id": "schid_15_3",
					"ch_id": "cocos_program_B120180515_D68",
					"range": {
						"start": 1200000,
						"end": 1800000
					}
				},
				{
					"id": "schid_ad_15_3",
					"ch_id": "cocos_ad_60s_20210528_2mbps",
					"range": {
						"start": 0,
						"end": 60000
					}
				},
				{
					"id": "schid_15_4",
					"ch_id": "cocos_program_B120180515_D68",
					"range": {
						"start": 1800000,
						"end": 2400000
					}
				},
				{
					"id": "schid_ad_15_4",
					"ch_id": "cocos_ad_60s_20210528_2mbps",
					"range": {
						"start": 0,
						"end": 60000
					}
				},
				{
					"id": "schid_15_5",
					"ch_id": "cocos_program_B120180515_D68",
					"range": {
						"start": 2400000,
						"end": 3000000
					}
				},
				{
					"id": "schid_ad_15_5",
					"ch_id": "cocos_ad_60s_20210528_2mbps",
					"range": {
						"start": 0,
						"end": 60000
					}
				},
				{
					"id": "schid_15_6",
					"ch_id": "cocos_program_B120180515_D68",
					"range": {
						"start": 3000000,
						"end": 3600000
					}
				},
				{
					"id": "schid_ad_15_6",
					"ch_id": "cocos_ad_60s_20210528_2mbps",
					"range": {
						"start": 0,
						"end": 60000
					}
				},
				{
					"id": "schid_15_7",
					"ch_id": "cocos_program_B120180515_D68",
					"range": {
						"start": 3600000,
						"end": 4200000
					}
				},
				{
					"id": "schid_ad_15_7",
					"ch_id": "cocos_ad_60s_20210528_2mbps",
					"range": {
						"start": 0,
						"end": 60000
					}
				},
				{
					"id": "schid_15_8",
					"ch_id": "cocos_program_B120180515_D68",
					"range": {
						"start": 4200000,
						"end": 4800000
					}
				},
				{
					"id": "schid_ad_15_8",
					"ch_id": "cocos_ad_60s_20210528_2mbps",
					"range": {
						"start": 0,
						"end": 60000
					}
				},
				{
					"id": "schid_15_9",
					"ch_id": "cocos_program_B120180515_D68",
					"range": {
						"start": 4800000,
						"end": 5400000
					}
				},
				{
					"id": "schid_ad_15_9",
					"ch_id": "cocos_ad_60s_20210528_2mbps",
					"range": {
						"start": 0,
						"end": 60000
					}
				},
				{
					"id": "schid_15_10",
					"ch_id": "cocos_program_B120180515_D68",
					"range": {
						"start": 5400000,
						"end": 6000000
					}
				},
				{
					"id": "schid_ad_15_10",
					"ch_id": "cocos_ad_60s_20210528_2mbps",
					"range": {
						"start": 0,
						"end": 60000
					}
				},
				{
					"id": "schid_15_11",
					"ch_id": "cocos_program_B120180515_D68",
					"range": {
						"start": 6000000,
						"end": 6120000
					}
				},
				{
					"id": "schid_16_1",
					"ch_id": "cocos_program_B120180515_D69",
					"range": {
						"start": 0,
						"end": 600000
					}
				},
				{
					"id": "schid_ad_16_1",
					"ch_id": "cocos_ad_60s_20210528_2mbps",
					"range": {
						"start": 0,
						"end": 60000
					}
				},
				{
					"id": "schid_16_2",
					"ch_id": "cocos_program_B120180515_D69",
					"range": {
						"start": 600000,
						"end": 1200000
					}
				},
				{
					"id": "schid_ad_16_2",
					"ch_id": "cocos_ad_60s_20210528_2mbps",
					"range": {
						"start": 0,
						"end": 60000
					}
				},
				{
					"id": "schid_16_3",
					"ch_id": "cocos_program_B120180515_D69",
					"range": {
						"start": 1200000,
						"end": 1800000
					}
				},
				{
					"id": "schid_ad_16_3",
					"ch_id": "cocos_ad_60s_20210528_2mbps",
					"range": {
						"start": 0,
						"end": 60000
					}
				},
				{
					"id": "schid_16_4",
					"ch_id": "cocos_program_B120180515_D69",
					"range": {
						"start": 1800000,
						"end": 2400000
					}
				},
				{
					"id": "schid_ad_16_4",
					"ch_id": "cocos_ad_60s_20210528_2mbps",
					"range": {
						"start": 0,
						"end": 60000
					}
				},
				{
					"id": "schid_16_5",
					"ch_id": "cocos_program_B120180515_D69",
					"range": {
						"start": 2400000,
						"end": 3000000
					}
				},
				{
					"id": "schid_ad_16_5",
					"ch_id": "cocos_ad_60s_20210528_2mbps",
					"range": {
						"start": 0,
						"end": 60000
					}
				},
				{
					"id": "schid_16_6",
					"ch_id": "cocos_program_B120180515_D69",
					"range": {
						"start": 3000000,
						"end": 3600000
					}
				},
				{
					"id": "schid_ad_16_6",
					"ch_id": "cocos_ad_60s_20210528_2mbps",
					"range": {
						"start": 0,
						"end": 60000
					}
				},
				{
					"id": "schid_16_7",
					"ch_id": "cocos_program_B120180515_D69",
					"range": {
						"start": 3600000,
						"end": 4200000
					}
				},
				{
					"id": "schid_ad_16_7",
					"ch_id": "cocos_ad_60s_20210528_2mbps",
					"range": {
						"start": 0,
						"end": 60000
					}
				},
				{
					"id": "schid_16_8",
					"ch_id": "cocos_program_B120180515_D69",
					"range": {
						"start": 4200000,
						"end": 4800000
					}
				},
				{
					"id": "schid_ad_16_8",
					"ch_id": "cocos_ad_60s_20210528_2mbps",
					"range": {
						"start": 0,
						"end": 60000
					}
				},
				{
					"id": "schid_16_9",
					"ch_id": "cocos_program_B120180515_D69",
					"range": {
						"start": 4800000,
						"end": 5400000
					}
				},
				{
					"id": "schid_ad_16_9",
					"ch_id": "cocos_ad_60s_20210528_2mbps",
					"range": {
						"start": 0,
						"end": 60000
					}
				},
				{
					"id": "schid_16_10",
					"ch_id": "cocos_program_B120180515_D69",
					"range": {
						"start": 5400000,
						"end": 5629000
					}
				},
				{
					"id": "schid_17_1",
					"ch_id": "cocos_program_B120180515_D70",
					"range": {
						"start": 0,
						"end": 600000
					}
				},
				{
					"id": "schid_ad_17_1",
					"ch_id": "cocos_ad_60s_20210528_2mbps",
					"range": {
						"start": 0,
						"end": 60000
					}
				},
				{
					"id": "schid_17_2",
					"ch_id": "cocos_program_B120180515_D70",
					"range": {
						"start": 600000,
						"end": 1200000
					}
				},
				{
					"id": "schid_ad_17_2",
					"ch_id": "cocos_ad_60s_20210528_2mbps",
					"range": {
						"start": 0,
						"end": 60000
					}
				},
				{
					"id": "schid_17_3",
					"ch_id": "cocos_program_B120180515_D70",
					"range": {
						"start": 1200000,
						"end": 1800000
					}
				},
				{
					"id": "schid_ad_17_3",
					"ch_id": "cocos_ad_60s_20210528_2mbps",
					"range": {
						"start": 0,
						"end": 60000
					}
				},
				{
					"id": "schid_17_4",
					"ch_id": "cocos_program_B120180515_D70",
					"range": {
						"start": 1800000,
						"end": 2400000
					}
				},
				{
					"id": "schid_ad_17_4",
					"ch_id": "cocos_ad_60s_20210528_2mbps",
					"range": {
						"start": 0,
						"end": 60000
					}
				},
				{
					"id": "schid_17_5",
					"ch_id": "cocos_program_B120180515_D70",
					"range": {
						"start": 2400000,
						"end": 3000000
					}
				},
				{
					"id": "schid_ad_17_5",
					"ch_id": "cocos_ad_60s_20210528_2mbps",
					"range": {
						"start": 0,
						"end": 60000
					}
				},
				{
					"id": "schid_17_6",
					"ch_id": "cocos_program_B120180515_D70",
					"range": {
						"start": 3000000,
						"end": 3600000
					}
				},
				{
					"id": "schid_ad_17_6",
					"ch_id": "cocos_ad_60s_20210528_2mbps",
					"range": {
						"start": 0,
						"end": 60000
					}
				},
				{
					"id": "schid_17_7",
					"ch_id": "cocos_program_B120180515_D70",
					"range": {
						"start": 3600000,
						"end": 4200000
					}
				},
				{
					"id": "schid_ad_17_7",
					"ch_id": "cocos_ad_60s_20210528_2mbps",
					"range": {
						"start": 0,
						"end": 60000
					}
				},
				{
					"id": "schid_17_8",
					"ch_id": "cocos_program_B120180515_D70",
					"range": {
						"start": 4200000,
						"end": 4800000
					}
				},
				{
					"id": "schid_ad_17_8",
					"ch_id": "cocos_ad_60s_20210528_2mbps",
					"range": {
						"start": 0,
						"end": 60000
					}
				},
				{
					"id": "schid_17_9",
					"ch_id": "cocos_program_B120180515_D70",
					"range": {
						"start": 4800000,
						"end": 5400000
					}
				},
				{
					"id": "schid_ad_17_9",
					"ch_id": "cocos_ad_60s_20210528_2mbps",
					"range": {
						"start": 0,
						"end": 60000
					}
				},
				{
					"id": "schid_17_10",
					"ch_id": "cocos_program_B120180515_D70",
					"range": {
						"start": 5400000,
						"end": 5870000
					}
				},
				{
					"id": "schid_18_1",
					"ch_id": "cocos_program_B120180515_D71",
					"range": {
						"start": 0,
						"end": 600000
					}
				},
				{
					"id": "schid_ad_18_1",
					"ch_id": "cocos_ad_60s_20210528_2mbps",
					"range": {
						"start": 0,
						"end": 60000
					}
				},
				{
					"id": "schid_18_2",
					"ch_id": "cocos_program_B120180515_D71",
					"range": {
						"start": 600000,
						"end": 1200000
					}
				},
				{
					"id": "schid_ad_18_2",
					"ch_id": "cocos_ad_60s_20210528_2mbps",
					"range": {
						"start": 0,
						"end": 60000
					}
				},
				{
					"id": "schid_18_3",
					"ch_id": "cocos_program_B120180515_D71",
					"range": {
						"start": 1200000,
						"end": 1800000
					}
				},
				{
					"id": "schid_ad_18_3",
					"ch_id": "cocos_ad_60s_20210528_2mbps",
					"range": {
						"start": 0,
						"end": 60000
					}
				},
				{
					"id": "schid_18_4",
					"ch_id": "cocos_program_B120180515_D71",
					"range": {
						"start": 1800000,
						"end": 2400000
					}
				},
				{
					"id": "schid_ad_18_4",
					"ch_id": "cocos_ad_60s_20210528_2mbps",
					"range": {
						"start": 0,
						"end": 60000
					}
				},
				{
					"id": "schid_18_5",
					"ch_id": "cocos_program_B120180515_D71",
					"range": {
						"start": 2400000,
						"end": 3000000
					}
				},
				{
					"id": "schid_ad_18_5",
					"ch_id": "cocos_ad_60s_20210528_2mbps",
					"range": {
						"start": 0,
						"end": 60000
					}
				},
				{
					"id": "schid_18_6",
					"ch_id": "cocos_program_B120180515_D71",
					"range": {
						"start": 3000000,
						"end": 3600000
					}
				},
				{
					"id": "schid_ad_18_6",
					"ch_id": "cocos_ad_60s_20210528_2mbps",
					"range": {
						"start": 0,
						"end": 60000
					}
				},
				{
					"id": "schid_18_7",
					"ch_id": "cocos_program_B120180515_D71",
					"range": {
						"start": 3600000,
						"end": 4200000
					}
				},
				{
					"id": "schid_ad_18_7",
					"ch_id": "cocos_ad_60s_20210528_2mbps",
					"range": {
						"start": 0,
						"end": 60000
					}
				},
				{
					"id": "schid_18_8",
					"ch_id": "cocos_program_B120180515_D71",
					"range": {
						"start": 4200000,
						"end": 4800000
					}
				},
				{
					"id": "schid_ad_18_8",
					"ch_id": "cocos_ad_60s_20210528_2mbps",
					"range": {
						"start": 0,
						"end": 60000
					}
				},
				{
					"id": "schid_18_9",
					"ch_id": "cocos_program_B120180515_D71",
					"range": {
						"start": 4800000,
						"end": 5400000
					}
				},
				{
					"id": "schid_ad_18_9",
					"ch_id": "cocos_ad_60s_20210528_2mbps",
					"range": {
						"start": 0,
						"end": 60000
					}
				},
				{
					"id": "schid_18_10",
					"ch_id": "cocos_program_B120180515_D71",
					"range": {
						"start": 5400000,
						"end": 5925000
					}
				},
				{
					"id": "schid_19_1",
					"ch_id": "cocos_program_B120180515_D72",
					"range": {
						"start": 0,
						"end": 600000
					}
				},
				{
					"id": "schid_ad_19_1",
					"ch_id": "cocos_ad_60s_20210528_2mbps",
					"range": {
						"start": 0,
						"end": 60000
					}
				},
				{
					"id": "schid_19_2",
					"ch_id": "cocos_program_B120180515_D72",
					"range": {
						"start": 600000,
						"end": 1200000
					}
				},
				{
					"id": "schid_ad_19_2",
					"ch_id": "cocos_ad_60s_20210528_2mbps",
					"range": {
						"start": 0,
						"end": 60000
					}
				},
				{
					"id": "schid_19_3",
					"ch_id": "cocos_program_B120180515_D72",
					"range": {
						"start": 1200000,
						"end": 1800000
					}
				},
				{
					"id": "schid_ad_19_3",
					"ch_id": "cocos_ad_60s_20210528_2mbps",
					"range": {
						"start": 0,
						"end": 60000
					}
				},
				{
					"id": "schid_19_4",
					"ch_id": "cocos_program_B120180515_D72",
					"range": {
						"start": 1800000,
						"end": 2400000
					}
				},
				{
					"id": "schid_ad_19_4",
					"ch_id": "cocos_ad_60s_20210528_2mbps",
					"range": {
						"start": 0,
						"end": 60000
					}
				},
				{
					"id": "schid_19_5",
					"ch_id": "cocos_program_B120180515_D72",
					"range": {
						"start": 2400000,
						"end": 3000000
					}
				},
				{
					"id": "schid_ad_19_5",
					"ch_id": "cocos_ad_60s_20210528_2mbps",
					"range": {
						"start": 0,
						"end": 60000
					}
				},
				{
					"id": "schid_19_6",
					"ch_id": "cocos_program_B120180515_D72",
					"range": {
						"start": 3000000,
						"end": 3600000
					}
				},
				{
					"id": "schid_ad_19_6",
					"ch_id": "cocos_ad_60s_20210528_2mbps",
					"range": {
						"start": 0,
						"end": 60000
					}
				},
				{
					"id": "schid_19_7",
					"ch_id": "cocos_program_B120180515_D72",
					"range": {
						"start": 3600000,
						"end": 4200000
					}
				},
				{
					"id": "schid_ad_19_7",
					"ch_id": "cocos_ad_60s_20210528_2mbps",
					"range": {
						"start": 0,
						"end": 60000
					}
				},
				{
					"id": "schid_19_8",
					"ch_id": "cocos_program_B120180515_D72",
					"range": {
						"start": 4200000,
						"end": 4800000
					}
				},
				{
					"id": "schid_ad_19_8",
					"ch_id": "cocos_ad_60s_20210528_2mbps",
					"range": {
						"start": 0,
						"end": 60000
					}
				},
				{
					"id": "schid_19_9",
					"ch_id": "cocos_program_B120180515_D72",
					"range": {
						"start": 4800000,
						"end": 5400000
					}
				},
				{
					"id": "schid_ad_19_9",
					"ch_id": "cocos_ad_60s_20210528_2mbps",
					"range": {
						"start": 0,
						"end": 60000
					}
				},
				{
					"id": "schid_19_10",
					"ch_id": "cocos_program_B120180515_D72",
					"range": {
						"start": 5400000,
						"end": 6000000
					}
				},
				{
					"id": "schid_ad_19_10",
					"ch_id": "cocos_ad_60s_20210528_2mbps",
					"range": {
						"start": 0,
						"end": 60000
					}
				},
				{
					"id": "schid_19_11",
					"ch_id": "cocos_program_B120180515_D72",
					"range": {
						"start": 6000000,
						"end": 6037000
					}
				},
				{
					"id": "schid_20_1",
					"ch_id": "cocos_program_B120180515_D73",
					"range": {
						"start": 0,
						"end": 600000
					}
				},
				{
					"id": "schid_ad_20_1",
					"ch_id": "cocos_ad_60s_20210528_2mbps",
					"range": {
						"start": 0,
						"end": 60000
					}
				},
				{
					"id": "schid_20_2",
					"ch_id": "cocos_program_B120180515_D73",
					"range": {
						"start": 600000,
						"end": 1200000
					}
				},
				{
					"id": "schid_ad_20_2",
					"ch_id": "cocos_ad_60s_20210528_2mbps",
					"range": {
						"start": 0,
						"end": 60000
					}
				},
				{
					"id": "schid_20_3",
					"ch_id": "cocos_program_B120180515_D73",
					"range": {
						"start": 1200000,
						"end": 1800000
					}
				},
				{
					"id": "schid_ad_20_3",
					"ch_id": "cocos_ad_60s_20210528_2mbps",
					"range": {
						"start": 0,
						"end": 60000
					}
				},
				{
					"id": "schid_20_4",
					"ch_id": "cocos_program_B120180515_D73",
					"range": {
						"start": 1800000,
						"end": 2400000
					}
				},
				{
					"id": "schid_ad_20_4",
					"ch_id": "cocos_ad_60s_20210528_2mbps",
					"range": {
						"start": 0,
						"end": 60000
					}
				},
				{
					"id": "schid_20_5",
					"ch_id": "cocos_program_B120180515_D73",
					"range": {
						"start": 2400000,
						"end": 3000000
					}
				},
				{
					"id": "schid_ad_20_5",
					"ch_id": "cocos_ad_60s_20210528_2mbps",
					"range": {
						"start": 0,
						"end": 60000
					}
				},
				{
					"id": "schid_20_6",
					"ch_id": "cocos_program_B120180515_D73",
					"range": {
						"start": 3000000,
						"end": 3600000
					}
				},
				{
					"id": "schid_ad_20_6",
					"ch_id": "cocos_ad_60s_20210528_2mbps",
					"range": {
						"start": 0,
						"end": 60000
					}
				},
				{
					"id": "schid_20_7",
					"ch_id": "cocos_program_B120180515_D73",
					"range": {
						"start": 3600000,
						"end": 4200000
					}
				},
				{
					"id": "schid_ad_20_7",
					"ch_id": "cocos_ad_60s_20210528_2mbps",
					"range": {
						"start": 0,
						"end": 60000
					}
				},
				{
					"id": "schid_20_8",
					"ch_id": "cocos_program_B120180515_D73",
					"range": {
						"start": 4200000,
						"end": 4800000
					}
				},
				{
					"id": "schid_ad_20_8",
					"ch_id": "cocos_ad_60s_20210528_2mbps",
					"range": {
						"start": 0,
						"end": 60000
					}
				},
				{
					"id": "schid_20_9",
					"ch_id": "cocos_program_B120180515_D73",
					"range": {
						"start": 4800000,
						"end": 5400000
					}
				},
				{
					"id": "schid_ad_20_9",
					"ch_id": "cocos_ad_60s_20210528_2mbps",
					"range": {
						"start": 0,
						"end": 60000
					}
				},
				{
					"id": "schid_20_10",
					"ch_id": "cocos_program_B120180515_D73",
					"range": {
						"start": 5400000,
						"end": 6000000
					}
				},
				{
					"id": "schid_ad_20_10",
					"ch_id": "cocos_ad_60s_20210528_2mbps",
					"range": {
						"start": 0,
						"end": 60000
					}
				},
				{
					"id": "schid_20_11",
					"ch_id": "cocos_program_B120180515_D73",
					"range": {
						"start": 6000000,
						"end": 6072000
					}
				}
			]
		},
		"output": {
			"base_dir": "%r/%s",
			"clear_when_finish": true,
			"segment_opt": {
				"playlist_chunk_count": 10,
				"max_chunk_count": 30,
				"duration_time": 6,
				"align_by_src": true
			},
			"variant": {
				"memory_caching": false,
				"sort_order": "bandwidth",
				"item": {
					"codec": true,
					"bandwidth": true,
					"resolution": true,
					"framerate": true,
					"sar": false,
					"samplerate": false,
					"channel": false,
					"lang": true
				},
				"output_path": [
					{
						"o_type": "gateway_m3u8",
						"combine": "%f/playlist.m3u8"
					},
					{
						"o_type": "mpd",
						"combine": "%f/manifest.mpd"
					}
				]
			},
			"hls": {
				"ad_marker": "scte35enh",
				"discontinuity_seq": true,
				"memory_caching": false,
				"start_sequence_num": 0,
				"hls_version": 3,
				"output_path": [
					{
						"o_type": "m3u8",
						"combine": "%f/%a/chunklist.m3u8"
					},
					{
						"o_type": "gateway_m3u8",
						"combine": "%f/%a/playlist.m3u8"
					},
					{
						"o_type": "ts_segment",
						"combine": "%f/%a/segment_%n.ts"
					}
				]
			}
		}
	}
}